{
  "threshold": 0.055,
  "test_samples": 23,
  "class_distribution": {
    "non_flood": 18,
    "flood": 5
  },
  "accuracy": 0.9130434782608695,
  "balanced_accuracy": 0.9444444444444444,
  "precision": 0.7142857142857143,
  "recall": 1.0,
  "specificity": 0.8888888888888888,
  "f1": 0.8333333333333333,
  "mcc": 0.7968190728895957,
  "roc_auc": 0.9666666666666666,
  "pr_auc": 0.9028571428571428,
  "confusion_matrix": [
    [
      16,
      2
    ],
    [
      0,
      5
    ]
  ],
  "probability_stats": {
    "min": 0.010523165576159954,
    "max": 0.9202331304550171,
    "mean": 0.24402354657649994,
    "std": 0.36818552017211914,
    "p05": 0.011048581078648567,
    "p95": 0.879538506269455,
    "spread_p95_p05": 0.8684899251908064
  },
  "collapsed_probability_warning": false,
  "compressed_probability_warning": false,
  "majority_class_accuracy": 0.782608695652174
}